path,filename,size_bytes,modified_time,sha256,instrument,contract,contract_full,n_rows,first_timestamp,last_timestamp
C:\Users\heguu\OneDrive\Escritorio\neural_profit\data\00_source\00_mnq_03_20.Last.txt,00_mnq_03_20.Last.txt,3957944,2025-10-02T22:24:36.831000,6e006d56b25f20ffce76cff71dd765de81865987e5a5cd9a867f75c65756c7c3,MNQ,H20,MNQH20,81660,2019-12-23T03:01:00,2020-03-20T13:30:00
C:\Users\heguu\OneDrive\Escritorio\neural_profit\data\00_source\01_mnq_06_20.Last.txt,01_mnq_06_20.Last.txt,4205611,2025-10-02T22:24:37.143000,f7c77cb3e8d07c5764d5e0428036867de4bc2fbb5492d41a26921e4b45e3eaf3,MNQ,M20,MNQM20,86069,2020-03-23T03:01:00,2020-06-19T13:30:00
C:\Users\heguu\OneDrive\Escritorio\neural_profit\data\00_source\02_mnq_09_20.Last.txt,02_mnq_09_20.Last.txt,4591844,2025-10-02T22:24:37.223000,caf4266bca6794c732433f20b63d24f02c6e49081aeb7f9ab4b1517b64b3d6d8,MNQ,U20,MNQU20,87482,2020-06-22T03:01:00,2020-09-18T13:30:00
C:\Users\heguu\OneDrive\Escritorio\neural_profit\data\00_source\03_mnq_12_20.Last.txt,03_mnq_12_20.Last.txt,4589110,2025-10-02T22:24:37.248000,6bd51e2b5515731f37f0ddd37149c42cfe1ba47ea8b651a1d2293559a9a88f32,MNQ,Z20,MNQZ20,86824,2020-09-21T03:01:00,2020-12-18T03:00:00
C:\Users\heguu\OneDrive\Escritorio\neural_profit\data\00_source\04_mnq_03_21.Last.txt,04_mnq_03_21.Last.txt,4471087,2025-10-02T22:24:37.278000,d52516d2e9100acfc626415f36a90f479a6e7f5e4d0a5a474823146d45f54827,MNQ,H21,MNQH21,84599,2020-12-21T03:01:00,2021-03-19T13:30:00
C:\Users\heguu\OneDrive\Escritorio\neural_profit\data\00_source\05_mnq_06_21.Last.txt,05_mnq_06_21.Last.txt,4600068,2025-10-02T22:24:37.302000,05ebe4375249796377b0def08bd4628c3e0f72ec37d93645a4f9d766885eb6ae,MNQ,M21,MNQM21,87090,2021-03-22T03:01:00,2021-06-18T13:30:00
C:\Users\heguu\OneDrive\Escritorio\neural_profit\data\00_source\06_mnq_09_21.Last.txt,06_mnq_09_21.Last.txt,4644033,2025-10-02T22:24:37.336000,3b2b85e5e56104a6655d235ee5545984a7159cb4e52193794d81bea2baf787b3,MNQ,U21,MNQU21,88205,2021-06-21T03:01:00,2021-09-17T13:30:00
C:\Users\heguu\OneDrive\Escritorio\neural_profit\data\00_source\07_mnq_12_21.Last.txt,07_mnq_12_21.Last.txt,4674936,2025-10-02T22:24:37.366000,eda66142679582f2af184067ba651f0033d002b124acfeebd46b3133eb480e41,MNQ,Z21,MNQZ21,88318,2021-09-20T03:01:00,2021-12-17T14:30:00
C:\Users\heguu\OneDrive\Escritorio\neural_profit\data\00_source\08_mnq_03_22.Last.txt,08_mnq_03_22.Last.txt,4620304,2025-10-02T22:24:37.390000,f1c862e5b9d4745ec5b5a32f2916ae0b0e084079d2de10779ece1c24ab8a79ba,MNQ,H22,MNQH22,87112,2021-12-20T03:01:00,2022-03-18T13:30:00
C:\Users\heguu\OneDrive\Escritorio\neural_profit\data\00_source\09_mnq_06_22.Last.txt,09_mnq_06_22.Last.txt,4632495,2025-10-02T22:24:37.419000,7a428a7a9985defd835e60281dab66b4e16278f62f464e72527174a09b0f3d06,MNQ,M22,MNQM22,87336,2022-03-21T03:01:00,2022-06-17T13:30:00
C:\Users\heguu\OneDrive\Escritorio\neural_profit\data\00_source\10_mnq_09_22.Last.txt,10_mnq_09_22.Last.txt,4674863,2026-01-24T20:59:54.134000,5330cda7d2f93620265453079b4da2f68b7eeffec3d798fa75c13b64e33b76df,MNQ,U22,MNQU22,88207,2022-06-20T03:01:00,2022-09-16T13:55:00
C:\Users\heguu\OneDrive\Escritorio\neural_profit\data\00_source\11_mnq_12_22.Last.txt,11_mnq_12_22.Last.txt,4657755,2026-01-24T20:59:53.829000,0bef507cfbc4a81da3da2cd4a0f3a421c045c73d2fbf55c4f5a9792c6d630189,MNQ,Z22,MNQZ22,87830,2022-09-19T03:01:00,2022-12-16T14:30:00
C:\Users\heguu\OneDrive\Escritorio\neural_profit\data\00_source\12_mnq_03_23.Last.txt,12_mnq_03_23.Last.txt,4530616,2026-01-24T20:59:53.968000,505949e13d7f4fc12af4d54137f5a2e85afda7ef90eb3fd4b013e3f3ce0cbfdb,MNQ,H23,MNQH23,85736,2022-12-19T03:01:00,2023-03-17T13:30:00
C:\Users\heguu\OneDrive\Escritorio\neural_profit\data\00_source\13_mnq_06_23.Last.txt,13_mnq_06_23.Last.txt,4635304,2026-07-31T17:27:16.220401,0dc34dfc8f1c808b08d01211d131953fc88e379be00fe5adce70b361341d5e48,MNQ,M23,MNQM23,87931,2023-03-20T03:01:00,2023-06-16T13:30:00
C:\Users\heguu\OneDrive\Escritorio\neural_profit\data\00_source\14_mnq_09_23.Last.txt,14_mnq_09_23.Last.txt,4645180,2026-01-24T20:59:56.399000,c37e7e8993edd611149cdd206a05432cae327c1a7b05766c3028e4ad0e0dbeb4,MNQ,U23,MNQU23,88002,2023-06-19T03:01:00,2023-09-15T13:30:00
C:\Users\heguu\OneDrive\Escritorio\neural_profit\data\00_source\15_mnq_12_23.Last.txt,15_mnq_12_23.Last.txt,4673344,2026-01-24T20:59:58.035000,b100340b5650626e336c257e6f33edea8074f1128e6b3048b4ec767f4ba97176,MNQ,Z23,MNQZ23,88448,2023-09-18T03:01:00,2023-12-15T14:30:00
C:\Users\heguu\OneDrive\Escritorio\neural_profit\data\00_source\16_mnq_03_24.Last.txt,16_mnq_03_24.Last.txt,4529657,2026-01-24T20:59:58.097000,25eadcc629a6c2298f156ee73498a20bd34e277f782b2d0fa48642e4f3fc6105,MNQ,H24,MNQH24,85777,2023-12-18T03:01:00,2024-03-15T13:30:00
C:\Users\heguu\OneDrive\Escritorio\neural_profit\data\00_source\17_mnq_06_24.Last.txt,17_mnq_06_24.Last.txt,4961330,2026-01-24T20:59:59.559000,1f8a2c641d566239ef4169dda0b2cc08347d9262c51109556fb3a4bc1f780d2c,MNQ,M24,MNQM24,93916,2024-03-18T03:01:00,2024-06-21T13:30:00
C:\Users\heguu\OneDrive\Escritorio\neural_profit\data\00_source\18_mnq_09_24.Last.txt,18_mnq_09_24.Last.txt,4666847,2026-01-24T21:00:01.701000,f1c77b12113d087609861b2bf1ee10082b92a563b7c6ca68f11079c1302240c1,MNQ,U24,MNQU24,88216,2024-06-24T03:01:00,2024-09-21T01:19:00
C:\Users\heguu\OneDrive\Escritorio\neural_profit\data\00_source\19_mnq_12_24.Last.txt,19_mnq_12_24.Last.txt,4674592,2026-01-24T21:00:01.668000,0a22c3e499c954e8dc91c62ec7fbd2c7ad8c7f8611a81a986fbc271148c38be7,MNQ,Z24,MNQZ24,88498,2024-09-23T03:01:00,2024-12-20T21:30:00
C:\Users\heguu\OneDrive\Escritorio\neural_profit\data\00_source\20_mnq_03_25.Last.txt,20_mnq_03_25.Last.txt,4933978,2026-07-31T22:07:47.353549,0009897fa9cfa92823b8089520309fa612b0b40cc75f8b3c06877ae63f5077b8,MNQ,H25,MNQH25,93219,2024-12-12T03:01:00,2025-03-22T15:03:00
C:\Users\heguu\OneDrive\Escritorio\neural_profit\data\00_source\21_mnq_06_25.Last.txt,21_mnq_06_25.Last.txt,5123134,2026-07-31T22:08:00.725242,446445bff15cb3371366c224e97f069e710d96edce0432fe03f268595a2b5df7,MNQ,M25,MNQM25,96755,2025-03-13T03:01:00,2025-06-22T13:53:00
C:\Users\heguu\OneDrive\Escritorio\neural_profit\data\00_source\22_mnq_09_25.Last.txt,22_mnq_09_25.Last.txt,4373635,2026-04-17T18:05:18,d7a2943ae48f136bbb2c9faf376363a3fcce55845e1f17572047e012e26e5a58,MNQ,U25,MNQU25,82697,2025-06-23T03:01:00,2025-09-19T13:30:00
C:\Users\heguu\OneDrive\Escritorio\neural_profit\data\00_source\23_mnq_12_25.Last.txt,23_mnq_12_25.Last.txt,4588714,2026-04-17T18:06:06,2ce2747309711db38bea218194afe5d75b85adb27e05cfe4852912ea6093c88d,MNQ,Z25,MNQZ25,86472,2025-09-22T03:01:00,2025-12-19T14:30:00
C:\Users\heguu\OneDrive\Escritorio\neural_profit\data\00_source\24_mnq_03_26.Last.txt,24_mnq_03_26.Last.txt,4381422,2026-04-17T18:07:01,54d4986b1d6dee87db1b9a2e215db04691cd3e9d31b5ca165a8790de60ef0b6d,MNQ,H26,MNQH26,82549,2025-12-22T03:01:00,2026-03-20T13:31:00
C:\Users\heguu\OneDrive\Escritorio\neural_profit\data\00_source\25_mnq_06_26.Last.txt,25_mnq_06_26.Last.txt,4616269,2026-07-31T17:18:09.983191,97e940a2c05f901c0e927d25da485efec11f27c37a4a0ac5cde5d85f3a169771,MNQ,M26,MNQM26,86820,2026-03-23T03:01:00,2026-06-18T13:30:00
C:\Users\heguu\OneDrive\Escritorio\neural_profit\data\00_source\26_mnq_09_26.Last.txt,26_mnq_09_26.Last.txt,2869128,2026-07-31T17:18:36.291239,22ca00f71a1f0d7e4720ed17ce917041d8727e80debfd1005089353694fbeb96,MNQ,U26,MNQU26,54015,2026-06-08T03:03:00,2026-07-31T20:10:00
